<Configuration ID="fba571de-0b18-4d41-b87b-09fe5072e641">
  <Add OfficeClientEdition="64" Channel="PerpetualVL2021">
    <Product ID="Standard2021Volume" PIDKEY="QFHHG-TNWWB-TGM4X-9GRGD-TCTXH">
      <Language ID="he-il" />
      <ExcludeApp ID="OneDrive" />
    </Product>
  </Add>
  <Property Name="SharedComputerLicensing" Value="0" />
  <Property Name="FORCEAPPSHUTDOWN" Value="FALSE" />
  <Property Name="DeviceBasedLicensing" Value="0" />
  <Property Name="SCLCacheOverride" Value="0" />
  <Property Name="AUTOACTIVATE" Value="1" />
  <Updates Enabled="TRUE" />
  <RemoveMSI />
</Configuration>